CA Accuracy (%),CA-RFA Accuracy (%)
83.27898652573977,81.35201739097843
82.06602200108694,83.61818556623751
