CA Accuracy (%),CA-RFA Accuracy (%)
83.27898652573977,81.35201739097843
