Image,CA Accuracy (%),CA-RFA Accuracy (%)
processed_storm_track_1.png,83.27898652573977,81.35201739097843
processed_storm_track_2.png,80.54384288150523,80.99548359288619
processed_storm_track_3.png,81.64717677704691,81.5530068776822
